Datetime,Water Level (m)
2025-08-15 12:00:00,0.27634513
2025-08-15 13:00:00,0.3596157
2025-08-15 14:00:00,0.43367743
2025-08-15 15:00:00,0.5198994
2025-08-15 16:00:00,0.5881916
2025-08-15 17:00:00,0.61310977
2025-08-15 18:00:00,0.6156171
2025-08-15 19:00:00,0.59697753
2025-08-15 20:00:00,0.5445761
2025-08-15 21:00:00,0.4741445
2025-08-15 22:00:00,0.40016067
2025-08-15 23:00:00,0.34586155
2025-08-16 00:00:00,0.35136333
2025-08-16 01:00:00,0.41049534
2025-08-16 02:00:00,0.48545784
2025-08-16 03:00:00,0.5660596
2025-08-16 04:00:00,0.6586679
2025-08-16 05:00:00,0.7251188
2025-08-16 06:00:00,0.7639995
2025-08-16 07:00:00,0.77862805
2025-08-16 08:00:00,0.76477444
2025-08-16 09:00:00,0.71312857
2025-08-16 10:00:00,0.6492413
2025-08-16 11:00:00,0.5943373
2025-08-16 12:00:00,0.57706356
2025-08-16 13:00:00,0.60594356
2025-08-16 14:00:00,0.6540841
2025-08-16 15:00:00,0.70632637
2025-08-16 16:00:00,0.7637763
2025-08-16 17:00:00,0.8093961
2025-08-16 18:00:00,0.83260304
2025-08-16 19:00:00,0.8424492
2025-08-16 20:00:00,0.82173884
2025-08-16 21:00:00,0.7665224
2025-08-16 22:00:00,0.6995154
2025-08-16 23:00:00,0.63243574
2025-08-17 00:00:00,0.58930266
2025-08-17 01:00:00,0.595322
2025-08-17 02:00:00,0.6419453
2025-08-17 03:00:00,0.70518667
2025-08-17 04:00:00,0.781804
2025-08-17 05:00:00,0.86703676
2025-08-17 06:00:00,0.938235
2025-08-17 07:00:00,0.9915559
2025-08-17 08:00:00,1.0214982
2025-08-17 09:00:00,1.0125065
2025-08-17 10:00:00,0.96173215
2025-08-17 11:00:00,0.89614755
2025-08-17 12:00:00,0.8355797
2025-08-17 13:00:00,0.8028066
2025-08-17 14:00:00,0.80367404
2025-08-17 15:00:00,0.82916623
2025-08-17 16:00:00,0.8652225
2025-08-17 17:00:00,0.90792835
2025-08-17 18:00:00,0.94486505
2025-08-17 19:00:00,0.97154874
2025-08-17 20:00:00,0.98805076
2025-08-17 21:00:00,0.9783732
2025-08-17 22:00:00,0.9352781
2025-08-17 23:00:00,0.87665385
2025-08-18 00:00:00,0.8174042
2025-08-18 01:00:00,0.7765345
2025-08-18 02:00:00,0.7756071
2025-08-18 03:00:00,0.8159946
2025-08-18 04:00:00,0.87837344
2025-08-18 05:00:00,0.9550155
2025-08-18 06:00:00,1.0440053
2025-08-18 07:00:00,1.129155
2025-08-18 08:00:00,1.2047038
2025-08-18 09:00:00,1.2529895
2025-08-18 10:00:00,1.2693452
2025-08-18 11:00:00,1.2410748
2025-08-18 12:00:00,1.1811776
2025-08-18 13:00:00,1.1177362
2025-08-18 14:00:00,1.0649803
2025-08-18 15:00:00,1.0379958
2025-08-18 16:00:00,1.0434107
2025-08-18 17:00:00,1.0768825
2025-08-18 18:00:00,1.1258807
2025-08-18 19:00:00,1.1738865
2025-08-18 20:00:00,1.2207552
2025-08-18 21:00:00,1.2588087
2025-08-18 22:00:00,1.2699116
2025-08-18 23:00:00,1.2437114
2025-08-19 00:00:00,1.1914941
2025-08-19 01:00:00,1.1314172
2025-08-19 02:00:00,1.0743827
2025-08-19 03:00:00,1.0462679
2025-08-19 04:00:00,1.0676069
2025-08-19 05:00:00,1.125343
2025-08-19 06:00:00,1.1978277
2025-08-19 07:00:00,1.2851591
2025-08-19 08:00:00,1.3763628
2025-08-19 09:00:00,1.4466326
2025-08-19 10:00:00,1.4833304
2025-08-19 11:00:00,1.480529
2025-08-19 12:00:00,1.4229155
2025-08-19 13:00:00,1.358854
2025-08-19 14:00:00,1.2932204
2025-08-19 15:00:00,1.2226957
2025-08-19 16:00:00,1.1614509
2025-08-19 17:00:00,1.1296732
2025-08-19 18:00:00,1.1374419
2025-08-19 19:00:00,1.1692706
2025-08-19 20:00:00,1.2100571
2025-08-19 21:00:00,1.2430328
2025-08-19 22:00:00,1.2708805
2025-08-19 23:00:00,1.2860628
2025-08-20 00:00:00,1.268194
2025-08-20 01:00:00,1.2240393
2025-08-20 02:00:00,1.1663433
2025-08-20 03:00:00,1.1033556
2025-08-20 04:00:00,1.0627778
2025-08-20 05:00:00,1.0684222
2025-08-20 06:00:00,1.1190795
2025-08-20 07:00:00,1.1911072
2025-08-20 08:00:00,1.2812272
2025-08-20 09:00:00,1.3798493
2025-08-20 10:00:00,1.4610829
2025-08-20 11:00:00,1.5128329
2025-08-20 12:00:00,1.5284415
2025-08-20 13:00:00,1.4950552
2025-08-20 14:00:00,1.4321773
2025-08-20 15:00:00,1.3641163
2025-08-20 16:00:00,1.2892026
2025-08-20 17:00:00,1.2308023
2025-08-20 18:00:00,1.2101178
2025-08-20 19:00:00,1.2262003
2025-08-20 20:00:00,1.2637384
2025-08-20 21:00:00,1.3135252
2025-08-20 22:00:00,1.3549947
2025-08-20 23:00:00,1.3879236
2025-08-21 00:00:00,1.4029477
2025-08-21 01:00:00,1.3835585
2025-08-21 02:00:00,1.3357735
2025-08-21 03:00:00,1.271151
2025-08-21 04:00:00,1.1992157
2025-08-21 05:00:00,1.1436644
2025-08-21 06:00:00,1.134203
2025-08-21 07:00:00,1.1739956
2025-08-21 08:00:00,1.2378393
2025-08-21 09:00:00,1.3272079
2025-08-21 10:00:00,1.4174203
2025-08-21 11:00:00,1.4945846
2025-08-21 12:00:00,1.5444795
